PassengerId,Age,Fare,Sex,SibSp,Parch,Pclass,Survived,Embarked_1.0,Embarked_2.0
1,22.0,7.25,,1,0,3,0,False,True
2,38.0,71.2833,,1,0,1,1,False,False
3,26.0,7.925,,0,0,3,1,False,True
4,35.0,53.1,,1,0,1,1,False,True
5,35.0,8.05,,0,0,3,0,False,True
6,28.0,8.4583,,0,0,3,0,True,False
7,54.0,51.8625,,0,0,1,0,False,True
8,2.0,21.075,,3,1,3,0,False,True
9,27.0,11.1333,,0,2,3,1,False,True
10,14.0,30.0708,,1,0,2,1,False,False
11,4.0,16.7,,1,1,3,1,False,True
12,58.0,26.55,,0,0,1,1,False,True
13,20.0,8.05,,0,0,3,0,False,True
14,39.0,31.275,,1,5,3,0,False,True
15,14.0,7.8542,,0,0,3,0,False,True
16,55.0,16.0,,0,0,2,1,False,True
17,2.0,29.125,,4,1,3,0,True,False
18,28.0,13.0,,0,0,2,1,False,True
19,31.0,18.0,,1,0,3,0,False,True
20,28.0,7.225,,0,0,3,1,False,False
21,35.0,26.0,,0,0,2,0,False,True
22,34.0,13.0,,0,0,2,1,False,True
23,15.0,8.0292,,0,0,3,1,True,False
24,28.0,35.5,,0,0,1,1,False,True
25,8.0,21.075,,3,1,3,0,False,True
26,38.0,31.3875,,1,5,3,1,False,True
27,28.0,7.225,,0,0,3,0,False,False
28,19.0,263.0,,3,2,1,0,False,True
29,28.0,7.8792,,0,0,3,1,True,False
30,28.0,7.8958,,0,0,3,0,False,True
31,40.0,27.7208,,0,0,1,0,False,False
32,28.0,146.5208,,1,0,1,1,False,False
33,28.0,7.75,,0,0,3,1,True,False
34,66.0,10.5,,0,0,2,0,False,True
35,28.0,82.1708,,1,0,1,0,False,False
36,42.0,52.0,,1,0,1,0,False,True
37,28.0,7.2292,,0,0,3,1,False,False
38,21.0,8.05,,0,0,3,0,False,True
39,18.0,18.0,,2,0,3,0,False,True
40,14.0,11.2417,,1,0,3,1,False,False
41,40.0,9.475,,1,0,3,0,False,True
42,27.0,21.0,,1,0,2,0,False,True
43,28.0,7.8958,,0,0,3,0,False,False
44,3.0,41.5792,,1,2,2,1,False,False
45,19.0,7.8792,,0,0,3,1,True,False
46,28.0,8.05,,0,0,3,0,False,True
47,28.0,15.5,,1,0,3,0,True,False
48,28.0,7.75,,0,0,3,1,True,False
49,28.0,21.6792,,2,0,3,0,False,False
50,18.0,17.8,,1,0,3,0,False,True
51,7.0,39.6875,,4,1,3,0,False,True
52,21.0,7.8,,0,0,3,0,False,True
53,49.0,76.7292,,1,0,1,1,False,False
54,29.0,26.0,,1,0,2,1,False,True
55,65.0,61.9792,,0,1,1,0,False,False
56,28.0,35.5,,0,0,1,1,False,True
57,21.0,10.5,,0,0,2,1,False,True
58,28.5,7.2292,,0,0,3,0,False,False
59,5.0,27.75,,1,2,2,1,False,True
60,11.0,46.9,,5,2,3,0,False,True
61,22.0,7.2292,,0,0,3,0,False,False
62,38.0,80.0,,0,0,1,1,False,True
63,45.0,83.475,,1,0,1,0,False,True
64,4.0,27.9,,3,2,3,0,False,True
65,28.0,27.7208,,0,0,1,0,False,False
66,28.0,15.2458,,1,1,3,1,False,False
67,29.0,10.5,,0,0,2,1,False,True
68,19.0,8.1583,,0,0,3,0,False,True
69,17.0,7.925,,4,2,3,1,False,True
70,26.0,8.6625,,2,0,3,0,False,True
71,32.0,10.5,,0,0,2,0,False,True
72,16.0,46.9,,5,2,3,0,False,True
73,21.0,73.5,,0,0,2,0,False,True
74,26.0,14.4542,,1,0,3,0,False,False
75,32.0,56.4958,,0,0,3,1,False,True
76,25.0,7.65,,0,0,3,0,False,True
77,28.0,7.8958,,0,0,3,0,False,True
78,28.0,8.05,,0,0,3,0,False,True
79,0.83,29.0,,0,2,2,1,False,True
80,30.0,12.475,,0,0,3,1,False,True
81,22.0,9.0,,0,0,3,0,False,True
82,29.0,9.5,,0,0,3,1,False,True
83,28.0,7.7875,,0,0,3,1,True,False
84,28.0,47.1,,0,0,1,0,False,True
85,17.0,10.5,,0,0,2,1,False,True
86,33.0,15.85,,3,0,3,1,False,True
87,16.0,34.375,,1,3,3,0,False,True
88,28.0,8.05,,0,0,3,0,False,True
89,23.0,263.0,,3,2,1,1,False,True
90,24.0,8.05,,0,0,3,0,False,True
91,29.0,8.05,,0,0,3,0,False,True
92,20.0,7.8542,,0,0,3,0,False,True
93,46.0,61.175,,1,0,1,0,False,True
94,26.0,20.575,,1,2,3,0,False,True
95,59.0,7.25,,0,0,3,0,False,True
96,28.0,8.05,,0,0,3,0,False,True
97,71.0,34.6542,,0,0,1,0,False,False
98,23.0,63.3583,,0,1,1,1,False,False
99,34.0,23.0,,0,1,2,1,False,True
100,34.0,26.0,,1,0,2,0,False,True
101,28.0,7.8958,,0,0,3,0,False,True
102,28.0,7.8958,,0,0,3,0,False,True
103,21.0,77.2875,,0,1,1,0,False,True
104,33.0,8.6542,,0,0,3,0,False,True
105,37.0,7.925,,2,0,3,0,False,True
106,28.0,7.8958,,0,0,3,0,False,True
107,21.0,7.65,,0,0,3,1,False,True
108,28.0,7.775,,0,0,3,1,False,True
109,38.0,7.8958,,0,0,3,0,False,True
110,28.0,24.15,,1,0,3,1,True,False
111,47.0,52.0,,0,0,1,0,False,True
112,14.5,14.4542,,1,0,3,0,False,False
113,22.0,8.05,,0,0,3,0,False,True
114,20.0,9.825,,1,0,3,0,False,True
115,17.0,14.4583,,0,0,3,0,False,False
116,21.0,7.925,,0,0,3,0,False,True
117,70.5,7.75,,0,0,3,0,True,False
118,29.0,21.0,,1,0,2,0,False,True
119,24.0,247.5208,,0,1,1,0,False,False
120,2.0,31.275,,4,2,3,0,False,True
121,21.0,73.5,,2,0,2,0,False,True
122,28.0,8.05,,0,0,3,0,False,True
123,32.5,30.0708,,1,0,2,0,False,False
124,32.5,13.0,,0,0,2,1,False,True
125,54.0,77.2875,,0,1,1,0,False,True
126,12.0,11.2417,,1,0,3,1,False,False
127,28.0,7.75,,0,0,3,0,True,False
128,24.0,7.1417,,0,0,3,1,False,True
129,28.0,22.3583,,1,1,3,1,False,False
130,45.0,6.975,,0,0,3,0,False,True
131,33.0,7.8958,,0,0,3,0,False,False
132,20.0,7.05,,0,0,3,0,False,True
133,47.0,14.5,,1,0,3,0,False,True
134,29.0,26.0,,1,0,2,1,False,True
135,25.0,13.0,,0,0,2,0,False,True
136,23.0,15.0458,,0,0,2,0,False,False
137,19.0,26.2833,,0,2,1,1,False,True
138,37.0,53.1,,1,0,1,0,False,True
139,16.0,9.2167,,0,0,3,0,False,True
140,24.0,79.2,,0,0,1,0,False,False
141,28.0,15.2458,,0,2,3,0,False,False
142,22.0,7.75,,0,0,3,1,False,True
143,24.0,15.85,,1,0,3,1,False,True
144,19.0,6.75,,0,0,3,0,True,False
145,18.0,11.5,,0,0,2,0,False,True
146,19.0,36.75,,1,1,2,0,False,True
147,27.0,7.7958,,0,0,3,1,False,True
148,9.0,34.375,,2,2,3,0,False,True
149,36.5,26.0,,0,2,2,0,False,True
150,42.0,13.0,,0,0,2,0,False,True
151,51.0,12.525,,0,0,2,0,False,True
152,22.0,66.6,,1,0,1,1,False,True
153,55.5,8.05,,0,0,3,0,False,True
154,40.5,14.5,,0,2,3,0,False,True
155,28.0,7.3125,,0,0,3,0,False,True
156,51.0,61.3792,,0,1,1,0,False,False
157,16.0,7.7333,,0,0,3,1,True,False
158,30.0,8.05,,0,0,3,0,False,True
159,28.0,8.6625,,0,0,3,0,False,True
160,28.0,69.55,,8,2,3,0,False,True
161,44.0,16.1,,0,1,3,0,False,True
162,40.0,15.75,,0,0,2,1,False,True
163,26.0,7.775,,0,0,3,0,False,True
164,17.0,8.6625,,0,0,3,0,False,True
165,1.0,39.6875,,4,1,3,0,False,True
166,9.0,20.525,,0,2,3,1,False,True
167,28.0,55.0,,0,1,1,1,False,True
168,45.0,27.9,,1,4,3,0,False,True
169,28.0,25.925,,0,0,1,0,False,True
170,28.0,56.4958,,0,0,3,0,False,True
171,61.0,33.5,,0,0,1,0,False,True
172,4.0,29.125,,4,1,3,0,True,False
173,1.0,11.1333,,1,1,3,1,False,True
174,21.0,7.925,,0,0,3,0,False,True
175,56.0,30.6958,,0,0,1,0,False,False
176,18.0,7.8542,,1,1,3,0,False,True
177,28.0,25.4667,,3,1,3,0,False,True
178,50.0,28.7125,,0,0,1,0,False,False
179,30.0,13.0,,0,0,2,0,False,True
180,36.0,0.0,,0,0,3,0,False,True
181,28.0,69.55,,8,2,3,0,False,True
182,28.0,15.05,,0,0,2,0,False,False
183,9.0,31.3875,,4,2,3,0,False,True
184,1.0,39.0,,2,1,2,1,False,True
185,4.0,22.025,,0,2,3,1,False,True
186,28.0,50.0,,0,0,1,0,False,True
187,28.0,15.5,,1,0,3,1,True,False
188,45.0,26.55,,0,0,1,1,False,True
189,40.0,15.5,,1,1,3,0,True,False
190,36.0,7.8958,,0,0,3,0,False,True
191,32.0,13.0,,0,0,2,1,False,True
192,19.0,13.0,,0,0,2,0,False,True
193,19.0,7.8542,,1,0,3,1,False,True
194,3.0,26.0,,1,1,2,1,False,True
195,44.0,27.7208,,0,0,1,1,False,False
196,58.0,146.5208,,0,0,1,1,False,False
197,28.0,7.75,,0,0,3,0,True,False
198,42.0,8.4042,,0,1,3,0,False,True
199,28.0,7.75,,0,0,3,1,True,False
200,24.0,13.0,,0,0,2,0,False,True
201,28.0,9.5,,0,0,3,0,False,True
202,28.0,69.55,,8,2,3,0,False,True
203,34.0,6.4958,,0,0,3,0,False,True
204,45.5,7.225,,0,0,3,0,False,False
205,18.0,8.05,,0,0,3,1,False,True
206,2.0,10.4625,,0,1,3,0,False,True
207,32.0,15.85,,1,0,3,0,False,True
208,26.0,18.7875,,0,0,3,1,False,False
209,16.0,7.75,,0,0,3,1,True,False
210,40.0,31.0,,0,0,1,1,False,False
211,24.0,7.05,,0,0,3,0,False,True
212,35.0,21.0,,0,0,2,1,False,True
213,22.0,7.25,,0,0,3,0,False,True
214,30.0,13.0,,0,0,2,0,False,True
215,28.0,7.75,,1,0,3,0,True,False
216,31.0,113.275,,1,0,1,1,False,False
217,27.0,7.925,,0,0,3,1,False,True
218,42.0,27.0,,1,0,2,0,False,True
219,32.0,76.2917,,0,0,1,1,False,False
220,30.0,10.5,,0,0,2,0,False,True
221,16.0,8.05,,0,0,3,1,False,True
222,27.0,13.0,,0,0,2,0,False,True
223,51.0,8.05,,0,0,3,0,False,True
224,28.0,7.8958,,0,0,3,0,False,True
225,38.0,90.0,,1,0,1,1,False,True
226,22.0,9.35,,0,0,3,0,False,True
227,19.0,10.5,,0,0,2,1,False,True
228,20.5,7.25,,0,0,3,0,False,True
229,18.0,13.0,,0,0,2,0,False,True
230,28.0,25.4667,,3,1,3,0,False,True
231,35.0,83.475,,1,0,1,1,False,True
232,29.0,7.775,,0,0,3,0,False,True
233,59.0,13.5,,0,0,2,0,False,True
234,5.0,31.3875,,4,2,3,1,False,True
235,24.0,10.5,,0,0,2,0,False,True
236,28.0,7.55,,0,0,3,0,False,True
237,44.0,26.0,,1,0,2,0,False,True
238,8.0,26.25,,0,2,2,1,False,True
239,19.0,10.5,,0,0,2,0,False,True
240,33.0,12.275,,0,0,2,0,False,True
241,28.0,14.4542,,1,0,3,0,False,False
242,28.0,15.5,,1,0,3,1,True,False
243,29.0,10.5,,0,0,2,0,False,True
244,22.0,7.125,,0,0,3,0,False,True
245,30.0,7.225,,0,0,3,0,False,False
246,44.0,90.0,,2,0,1,0,True,False
247,25.0,7.775,,0,0,3,0,False,True
248,24.0,14.5,,0,2,2,1,False,True
249,37.0,52.5542,,1,1,1,1,False,True
250,54.0,26.0,,1,0,2,0,False,True
251,28.0,7.25,,0,0,3,0,False,True
252,29.0,10.4625,,1,1,3,0,False,True
253,62.0,26.55,,0,0,1,0,False,True
254,30.0,16.1,,1,0,3,0,False,True
255,41.0,20.2125,,0,2,3,0,False,True
256,29.0,15.2458,,0,2,3,1,False,False
257,28.0,79.2,,0,0,1,1,False,False
258,30.0,86.5,,0,0,1,1,False,True
259,35.0,512.3292,,0,0,1,1,False,False
260,50.0,26.0,,0,1,2,1,False,True
261,28.0,7.75,,0,0,3,0,True,False
262,3.0,31.3875,,4,2,3,1,False,True
263,52.0,79.65,,1,1,1,0,False,True
264,40.0,0.0,,0,0,1,0,False,True
265,28.0,7.75,,0,0,3,0,True,False
266,36.0,10.5,,0,0,2,0,False,True
267,16.0,39.6875,,4,1,3,0,False,True
268,25.0,7.775,,1,0,3,1,False,True
269,58.0,153.4625,,0,1,1,1,False,True
270,35.0,135.6333,,0,0,1,1,False,True
271,28.0,31.0,,0,0,1,0,False,True
272,25.0,0.0,,0,0,3,1,False,True
273,41.0,19.5,,0,1,2,1,False,True
274,37.0,29.7,,0,1,1,0,False,False
275,28.0,7.75,,0,0,3,1,True,False
276,63.0,77.9583,,1,0,1,1,False,True
277,45.0,7.75,,0,0,3,0,False,True
278,28.0,0.0,,0,0,2,0,False,True
279,7.0,29.125,,4,1,3,0,True,False
280,35.0,20.25,,1,1,3,1,False,True
281,65.0,7.75,,0,0,3,0,True,False
282,28.0,7.8542,,0,0,3,0,False,True
283,16.0,9.5,,0,0,3,0,False,True
284,19.0,8.05,,0,0,3,1,False,True
285,28.0,26.0,,0,0,1,0,False,True
286,33.0,8.6625,,0,0,3,0,False,False
287,30.0,9.5,,0,0,3,1,False,True
288,22.0,7.8958,,0,0,3,0,False,True
289,42.0,13.0,,0,0,2,1,False,True
290,22.0,7.75,,0,0,3,1,True,False
291,26.0,78.85,,0,0,1,1,False,True
292,19.0,91.0792,,1,0,1,1,False,False
293,36.0,12.875,,0,0,2,0,False,False
294,24.0,8.85,,0,0,3,0,False,True
295,24.0,7.8958,,0,0,3,0,False,True
296,28.0,27.7208,,0,0,1,0,False,False
297,23.5,7.2292,,0,0,3,0,False,False
298,2.0,151.55,,1,2,1,0,False,True
299,28.0,30.5,,0,0,1,1,False,True
300,50.0,247.5208,,0,1,1,1,False,False
301,28.0,7.75,,0,0,3,1,True,False
302,28.0,23.25,,2,0,3,1,True,False
303,19.0,0.0,,0,0,3,0,False,True
304,28.0,12.35,,0,0,2,1,True,False
305,28.0,8.05,,0,0,3,0,False,True
306,0.92,151.55,,1,2,1,1,False,True
307,28.0,110.8833,,0,0,1,1,False,False
308,17.0,108.9,,1,0,1,1,False,False
309,30.0,24.0,,1,0,2,0,False,False
310,30.0,56.9292,,0,0,1,1,False,False
311,24.0,83.1583,,0,0,1,1,False,False
312,18.0,262.375,,2,2,1,1,False,False
313,26.0,26.0,,1,1,2,0,False,True
314,28.0,7.8958,,0,0,3,0,False,True
315,43.0,26.25,,1,1,2,0,False,True
316,26.0,7.8542,,0,0,3,1,False,True
317,24.0,26.0,,1,0,2,1,False,True
318,54.0,14.0,,0,0,2,0,False,True
319,31.0,164.8667,,0,2,1,1,False,True
320,40.0,134.5,,1,1,1,1,False,False
321,22.0,7.25,,0,0,3,0,False,True
322,27.0,7.8958,,0,0,3,0,False,True
323,30.0,12.35,,0,0,2,1,True,False
324,22.0,29.0,,1,1,2,1,False,True
325,28.0,69.55,,8,2,3,0,False,True
326,36.0,135.6333,,0,0,1,1,False,False
327,61.0,6.2375,,0,0,3,0,False,True
328,36.0,13.0,,0,0,2,1,False,True
329,31.0,20.525,,1,1,3,1,False,True
330,16.0,57.9792,,0,1,1,1,False,False
331,28.0,23.25,,2,0,3,1,True,False
332,45.5,28.5,,0,0,1,0,False,True
333,38.0,153.4625,,0,1,1,0,False,True
334,16.0,18.0,,2,0,3,0,False,True
335,28.0,133.65,,1,0,1,1,False,True
336,28.0,7.8958,,0,0,3,0,False,True
337,29.0,66.6,,1,0,1,0,False,True
338,41.0,134.5,,0,0,1,1,False,False
339,45.0,8.05,,0,0,3,1,False,True
340,45.0,35.5,,0,0,1,0,False,True
341,2.0,26.0,,1,1,2,1,False,True
342,24.0,263.0,,3,2,1,1,False,True
343,28.0,13.0,,0,0,2,0,False,True
344,25.0,13.0,,0,0,2,0,False,True
345,36.0,13.0,,0,0,2,0,False,True
346,24.0,13.0,,0,0,2,1,False,True
347,40.0,13.0,,0,0,2,1,False,True
348,28.0,16.1,,1,0,3,1,False,True
349,3.0,15.9,,1,1,3,1,False,True
350,42.0,8.6625,,0,0,3,0,False,True
351,23.0,9.225,,0,0,3,0,False,True
352,28.0,35.0,,0,0,1,0,False,True
353,15.0,7.2292,,1,1,3,0,False,False
354,25.0,17.8,,1,0,3,0,False,True
355,28.0,7.225,,0,0,3,0,False,False
356,28.0,9.5,,0,0,3,0,False,True
357,22.0,55.0,,0,1,1,1,False,True
358,38.0,13.0,,0,0,2,0,False,True
359,28.0,7.8792,,0,0,3,1,True,False
360,28.0,7.8792,,0,0,3,1,True,False
361,40.0,27.9,,1,4,3,0,False,True
362,29.0,27.7208,,1,0,2,0,False,False
363,45.0,14.4542,,0,1,3,0,False,False
364,35.0,7.05,,0,0,3,0,False,True
365,28.0,15.5,,1,0,3,0,True,False
366,30.0,7.25,,0,0,3,0,False,True
367,60.0,75.25,,1,0,1,1,False,False
368,28.0,7.2292,,0,0,3,1,False,False
369,28.0,7.75,,0,0,3,1,True,False
370,24.0,69.3,,0,0,1,1,False,False
371,25.0,55.4417,,1,0,1,1,False,False
372,18.0,6.4958,,1,0,3,0,False,True
373,19.0,8.05,,0,0,3,0,False,True
374,22.0,135.6333,,0,0,1,0,False,False
375,3.0,21.075,,3,1,3,0,False,True
376,28.0,82.1708,,1,0,1,1,False,False
377,22.0,7.25,,0,0,3,1,False,True
378,27.0,211.5,,0,2,1,0,False,False
379,20.0,4.0125,,0,0,3,0,False,False
380,19.0,7.775,,0,0,3,0,False,True
381,42.0,227.525,,0,0,1,1,False,False
382,1.0,15.7417,,0,2,3,1,False,False
383,32.0,7.925,,0,0,3,0,False,True
384,35.0,52.0,,1,0,1,1,False,True
385,28.0,7.8958,,0,0,3,0,False,True
386,18.0,73.5,,0,0,2,0,False,True
387,1.0,46.9,,5,2,3,0,False,True
388,36.0,13.0,,0,0,2,1,False,True
389,28.0,7.7292,,0,0,3,0,True,False
390,17.0,12.0,,0,0,2,1,False,False
391,36.0,120.0,,1,2,1,1,False,True
392,21.0,7.7958,,0,0,3,1,False,True
393,28.0,7.925,,2,0,3,0,False,True
394,23.0,113.275,,1,0,1,1,False,False
395,24.0,16.7,,0,2,3,1,False,True
396,22.0,7.7958,,0,0,3,0,False,True
397,31.0,7.8542,,0,0,3,0,False,True
398,46.0,26.0,,0,0,2,0,False,True
399,23.0,10.5,,0,0,2,0,False,True
400,28.0,12.65,,0,0,2,1,False,True
401,39.0,7.925,,0,0,3,1,False,True
402,26.0,8.05,,0,0,3,0,False,True
403,21.0,9.825,,1,0,3,0,False,True
404,28.0,15.85,,1,0,3,0,False,True
405,20.0,8.6625,,0,0,3,0,False,True
406,34.0,21.0,,1,0,2,0,False,True
407,51.0,7.75,,0,0,3,0,False,True
408,3.0,18.75,,1,1,2,1,False,True
409,21.0,7.775,,0,0,3,0,False,True
410,28.0,25.4667,,3,1,3,0,False,True
411,28.0,7.8958,,0,0,3,0,False,True
412,28.0,6.8583,,0,0,3,0,True,False
413,33.0,90.0,,1,0,1,1,True,False
414,28.0,0.0,,0,0,2,0,False,True
415,44.0,7.925,,0,0,3,1,False,True
416,28.0,8.05,,0,0,3,0,False,True
417,34.0,32.5,,1,1,2,1,False,True
418,18.0,13.0,,0,2,2,1,False,True
419,30.0,13.0,,0,0,2,0,False,True
420,10.0,24.15,,0,2,3,0,False,True
421,28.0,7.8958,,0,0,3,0,False,False
422,21.0,7.7333,,0,0,3,0,True,False
423,29.0,7.875,,0,0,3,0,False,True
424,28.0,14.4,,1,1,3,0,False,True
425,18.0,20.2125,,1,1,3,0,False,True
426,28.0,7.25,,0,0,3,0,False,True
427,28.0,26.0,,1,0,2,1,False,True
428,19.0,26.0,,0,0,2,1,False,True
429,28.0,7.75,,0,0,3,0,True,False
430,32.0,8.05,,0,0,3,1,False,True
431,28.0,26.55,,0,0,1,1,False,True
432,28.0,16.1,,1,0,3,1,False,True
433,42.0,26.0,,1,0,2,1,False,True
434,17.0,7.125,,0,0,3,0,False,True
435,50.0,55.9,,1,0,1,0,False,True
436,14.0,120.0,,1,2,1,1,False,True
437,21.0,34.375,,2,2,3,0,False,True
438,24.0,18.75,,2,3,2,1,False,True
439,64.0,263.0,,1,4,1,0,False,True
440,31.0,10.5,,0,0,2,0,False,True
441,45.0,26.25,,1,1,2,1,False,True
442,20.0,9.5,,0,0,3,0,False,True
443,25.0,7.775,,1,0,3,0,False,True
444,28.0,13.0,,0,0,2,1,False,True
445,28.0,8.1125,,0,0,3,1,False,True
446,4.0,81.8583,,0,2,1,1,False,True
447,13.0,19.5,,0,1,2,1,False,True
448,34.0,26.55,,0,0,1,1,False,True
449,5.0,19.2583,,2,1,3,1,False,False
450,52.0,30.5,,0,0,1,1,False,True
451,36.0,27.75,,1,2,2,0,False,True
452,28.0,19.9667,,1,0,3,0,False,True
453,30.0,27.75,,0,0,1,0,False,False
454,49.0,89.1042,,1,0,1,1,False,False
455,28.0,8.05,,0,0,3,0,False,True
456,29.0,7.8958,,0,0,3,1,False,False
457,65.0,26.55,,0,0,1,0,False,True
458,28.0,51.8625,,1,0,1,1,False,True
459,50.0,10.5,,0,0,2,1,False,True
460,28.0,7.75,,0,0,3,0,True,False
461,48.0,26.55,,0,0,1,1,False,True
462,34.0,8.05,,0,0,3,0,False,True
463,47.0,38.5,,0,0,1,0,False,True
464,48.0,13.0,,0,0,2,0,False,True
465,28.0,8.05,,0,0,3,0,False,True
466,38.0,7.05,,0,0,3,0,False,True
467,28.0,0.0,,0,0,2,0,False,True
468,56.0,26.55,,0,0,1,0,False,True
469,28.0,7.725,,0,0,3,0,True,False
470,0.75,19.2583,,2,1,3,1,False,False
471,28.0,7.25,,0,0,3,0,False,True
472,38.0,8.6625,,0,0,3,0,False,True
473,33.0,27.75,,1,2,2,1,False,True
474,23.0,13.7917,,0,0,2,1,False,False
475,22.0,9.8375,,0,0,3,0,False,True
476,28.0,52.0,,0,0,1,0,False,True
477,34.0,21.0,,1,0,2,0,False,True
478,29.0,7.0458,,1,0,3,0,False,True
479,22.0,7.5208,,0,0,3,0,False,True
480,2.0,12.2875,,0,1,3,1,False,True
481,9.0,46.9,,5,2,3,0,False,True
482,28.0,0.0,,0,0,2,0,False,True
483,50.0,8.05,,0,0,3,0,False,True
484,63.0,9.5875,,0,0,3,1,False,True
485,25.0,91.0792,,1,0,1,1,False,False
486,28.0,25.4667,,3,1,3,0,False,True
487,35.0,90.0,,1,0,1,1,False,True
488,58.0,29.7,,0,0,1,0,False,False
489,30.0,8.05,,0,0,3,0,False,True
490,9.0,15.9,,1,1,3,1,False,True
491,28.0,19.9667,,1,0,3,0,False,True
492,21.0,7.25,,0,0,3,0,False,True
493,55.0,30.5,,0,0,1,0,False,True
494,71.0,49.5042,,0,0,1,0,False,False
495,21.0,8.05,,0,0,3,0,False,True
496,28.0,14.4583,,0,0,3,0,False,False
497,54.0,78.2667,,1,0,1,1,False,False
498,28.0,15.1,,0,0,3,0,False,True
499,25.0,151.55,,1,2,1,0,False,True
500,24.0,7.7958,,0,0,3,0,False,True
501,17.0,8.6625,,0,0,3,0,False,True
502,21.0,7.75,,0,0,3,0,True,False
503,28.0,7.6292,,0,0,3,0,True,False
504,37.0,9.5875,,0,0,3,0,False,True
505,16.0,86.5,,0,0,1,1,False,True
506,18.0,108.9,,1,0,1,0,False,False
507,33.0,26.0,,0,2,2,1,False,True
508,28.0,26.55,,0,0,1,1,False,True
509,28.0,22.525,,0,0,3,0,False,True
510,26.0,56.4958,,0,0,3,1,False,True
511,29.0,7.75,,0,0,3,1,True,False
512,28.0,8.05,,0,0,3,0,False,True
513,36.0,26.2875,,0,0,1,1,False,True
514,54.0,59.4,,1,0,1,1,False,False
515,24.0,7.4958,,0,0,3,0,False,True
516,47.0,34.0208,,0,0,1,0,False,True
517,34.0,10.5,,0,0,2,1,False,True
518,28.0,24.15,,0,0,3,0,True,False
519,36.0,26.0,,1,0,2,1,False,True
520,32.0,7.8958,,0,0,3,0,False,True
521,30.0,93.5,,0,0,1,1,False,True
522,22.0,7.8958,,0,0,3,0,False,True
523,28.0,7.225,,0,0,3,0,False,False
524,44.0,57.9792,,0,1,1,1,False,False
525,28.0,7.2292,,0,0,3,0,False,False
526,40.5,7.75,,0,0,3,0,True,False
527,50.0,10.5,,0,0,2,1,False,True
528,28.0,221.7792,,0,0,1,0,False,True
529,39.0,7.925,,0,0,3,0,False,True
530,23.0,11.5,,2,1,2,0,False,True
531,2.0,26.0,,1,1,2,1,False,True
532,28.0,7.2292,,0,0,3,0,False,False
533,17.0,7.2292,,1,1,3,0,False,False
534,28.0,22.3583,,0,2,3,1,False,False
535,30.0,8.6625,,0,0,3,0,False,True
536,7.0,26.25,,0,2,2,1,False,True
537,45.0,26.55,,0,0,1,0,False,True
538,30.0,106.425,,0,0,1,1,False,False
539,28.0,14.5,,0,0,3,0,False,True
540,22.0,49.5,,0,2,1,1,False,False
541,36.0,71.0,,0,2,1,1,False,True
542,9.0,31.275,,4,2,3,0,False,True
543,11.0,31.275,,4,2,3,0,False,True
544,32.0,26.0,,1,0,2,1,False,True
545,50.0,106.425,,1,0,1,0,False,False
546,64.0,26.0,,0,0,1,0,False,True
547,19.0,26.0,,1,0,2,1,False,True
548,28.0,13.8625,,0,0,2,1,False,False
549,33.0,20.525,,1,1,3,0,False,True
550,8.0,36.75,,1,1,2,1,False,True
551,17.0,110.8833,,0,2,1,1,False,False
552,27.0,26.0,,0,0,2,0,False,True
553,28.0,7.8292,,0,0,3,0,True,False
554,22.0,7.225,,0,0,3,1,False,False
555,22.0,7.775,,0,0,3,1,False,True
556,62.0,26.55,,0,0,1,0,False,True
557,48.0,39.6,,1,0,1,1,False,False
558,28.0,227.525,,0,0,1,0,False,False
559,39.0,79.65,,1,1,1,1,False,True
560,36.0,17.4,,1,0,3,1,False,True
561,28.0,7.75,,0,0,3,0,True,False
562,40.0,7.8958,,0,0,3,0,False,True
563,28.0,13.5,,0,0,2,0,False,True
564,28.0,8.05,,0,0,3,0,False,True
565,28.0,8.05,,0,0,3,0,False,True
566,24.0,24.15,,2,0,3,0,False,True
567,19.0,7.8958,,0,0,3,0,False,True
568,29.0,21.075,,0,4,3,0,False,True
569,28.0,7.2292,,0,0,3,0,False,False
570,32.0,7.8542,,0,0,3,1,False,True
571,62.0,10.5,,0,0,2,1,False,True
572,53.0,51.4792,,2,0,1,1,False,True
573,36.0,26.3875,,0,0,1,1,False,True
574,28.0,7.75,,0,0,3,1,True,False
575,16.0,8.05,,0,0,3,0,False,True
576,19.0,14.5,,0,0,3,0,False,True
577,34.0,13.0,,0,0,2,1,False,True
578,39.0,55.9,,1,0,1,1,False,True
579,28.0,14.4583,,1,0,3,0,False,False
580,32.0,7.925,,0,0,3,1,False,True
581,25.0,30.0,,1,1,2,1,False,True
582,39.0,110.8833,,1,1,1,1,False,False
583,54.0,26.0,,0,0,2,0,False,True
584,36.0,40.125,,0,0,1,0,False,False
585,28.0,8.7125,,0,0,3,0,False,False
586,18.0,79.65,,0,2,1,1,False,True
587,47.0,15.0,,0,0,2,0,False,True
588,60.0,79.2,,1,1,1,1,False,False
589,22.0,8.05,,0,0,3,0,False,True
590,28.0,8.05,,0,0,3,0,False,True
591,35.0,7.125,,0,0,3,0,False,True
592,52.0,78.2667,,1,0,1,1,False,False
593,47.0,7.25,,0,0,3,0,False,True
594,28.0,7.75,,0,2,3,0,True,False
595,37.0,26.0,,1,0,2,0,False,True
596,36.0,24.15,,1,1,3,0,False,True
597,28.0,33.0,,0,0,2,1,False,True
598,49.0,0.0,,0,0,3,0,False,True
599,28.0,7.225,,0,0,3,0,False,False
600,49.0,56.9292,,1,0,1,1,False,False
601,24.0,27.0,,2,1,2,1,False,True
602,28.0,7.8958,,0,0,3,0,False,True
603,28.0,42.4,,0,0,1,0,False,True
604,44.0,8.05,,0,0,3,0,False,True
605,35.0,26.55,,0,0,1,1,False,False
606,36.0,15.55,,1,0,3,0,False,True
607,30.0,7.8958,,0,0,3,0,False,True
608,27.0,30.5,,0,0,1,1,False,True
609,22.0,41.5792,,1,2,2,1,False,False
610,40.0,153.4625,,0,0,1,1,False,True
611,39.0,31.275,,1,5,3,0,False,True
612,28.0,7.05,,0,0,3,0,False,True
613,28.0,15.5,,1,0,3,1,True,False
614,28.0,7.75,,0,0,3,0,True,False
615,35.0,8.05,,0,0,3,0,False,True
616,24.0,65.0,,1,2,2,1,False,True
617,34.0,14.4,,1,1,3,0,False,True
618,26.0,16.1,,1,0,3,0,False,True
619,4.0,39.0,,2,1,2,1,False,True
620,26.0,10.5,,0,0,2,0,False,True
621,27.0,14.4542,,1,0,3,0,False,False
622,42.0,52.5542,,1,0,1,1,False,True
623,20.0,15.7417,,1,1,3,1,False,False
624,21.0,7.8542,,0,0,3,0,False,True
625,21.0,16.1,,0,0,3,0,False,True
626,61.0,32.3208,,0,0,1,0,False,True
627,57.0,12.35,,0,0,2,0,True,False
628,21.0,77.9583,,0,0,1,1,False,True
629,26.0,7.8958,,0,0,3,0,False,True
630,28.0,7.7333,,0,0,3,0,True,False
631,80.0,30.0,,0,0,1,1,False,True
632,51.0,7.0542,,0,0,3,0,False,True
633,32.0,30.5,,0,0,1,1,False,False
634,28.0,0.0,,0,0,1,0,False,True
635,9.0,27.9,,3,2,3,0,False,True
636,28.0,13.0,,0,0,2,1,False,True
637,32.0,7.925,,0,0,3,0,False,True
638,31.0,26.25,,1,1,2,0,False,True
639,41.0,39.6875,,0,5,3,0,False,True
640,28.0,16.1,,1,0,3,0,False,True
641,20.0,7.8542,,0,0,3,0,False,True
642,24.0,69.3,,0,0,1,1,False,False
643,2.0,27.9,,3,2,3,0,False,True
644,28.0,56.4958,,0,0,3,1,False,True
645,0.75,19.2583,,2,1,3,1,False,False
646,48.0,76.7292,,1,0,1,1,False,False
647,19.0,7.8958,,0,0,3,0,False,True
648,56.0,35.5,,0,0,1,1,False,False
649,28.0,7.55,,0,0,3,0,False,True
650,23.0,7.55,,0,0,3,1,False,True
651,28.0,7.8958,,0,0,3,0,False,True
652,18.0,23.0,,0,1,2,1,False,True
653,21.0,8.4333,,0,0,3,0,False,True
654,28.0,7.8292,,0,0,3,1,True,False
655,18.0,6.75,,0,0,3,0,True,False
656,24.0,73.5,,2,0,2,0,False,True
657,28.0,7.8958,,0,0,3,0,False,True
658,32.0,15.5,,1,1,3,0,True,False
659,23.0,13.0,,0,0,2,0,False,True
660,58.0,113.275,,0,2,1,0,False,False
661,50.0,133.65,,2,0,1,1,False,True
662,40.0,7.225,,0,0,3,0,False,False
663,47.0,25.5875,,0,0,1,0,False,True
664,36.0,7.4958,,0,0,3,0,False,True
665,20.0,7.925,,1,0,3,1,False,True
666,32.0,73.5,,2,0,2,0,False,True
667,25.0,13.0,,0,0,2,0,False,True
668,28.0,7.775,,0,0,3,0,False,True
669,43.0,8.05,,0,0,3,0,False,True
670,28.0,52.0,,1,0,1,1,False,True
671,40.0,39.0,,1,1,2,1,False,True
672,31.0,52.0,,1,0,1,0,False,True
673,70.0,10.5,,0,0,2,0,False,True
674,31.0,13.0,,0,0,2,1,False,True
675,28.0,0.0,,0,0,2,0,False,True
676,18.0,7.775,,0,0,3,0,False,True
677,24.5,8.05,,0,0,3,0,False,True
678,18.0,9.8417,,0,0,3,1,False,True
679,43.0,46.9,,1,6,3,0,False,True
680,36.0,512.3292,,0,1,1,1,False,False
681,28.0,8.1375,,0,0,3,0,True,False
682,27.0,76.7292,,0,0,1,1,False,False
683,20.0,9.225,,0,0,3,0,False,True
684,14.0,46.9,,5,2,3,0,False,True
685,60.0,39.0,,1,1,2,0,False,True
686,25.0,41.5792,,1,2,2,0,False,False
687,14.0,39.6875,,4,1,3,0,False,True
688,19.0,10.1708,,0,0,3,0,False,True
689,18.0,7.7958,,0,0,3,0,False,True
690,15.0,211.3375,,0,1,1,1,False,True
691,31.0,57.0,,1,0,1,1,False,True
692,4.0,13.4167,,0,1,3,1,False,False
693,28.0,56.4958,,0,0,3,1,False,True
694,25.0,7.225,,0,0,3,0,False,False
695,60.0,26.55,,0,0,1,0,False,True
696,52.0,13.5,,0,0,2,0,False,True
697,44.0,8.05,,0,0,3,0,False,True
698,28.0,7.7333,,0,0,3,1,True,False
699,49.0,110.8833,,1,1,1,0,False,False
700,42.0,7.65,,0,0,3,0,False,True
701,18.0,227.525,,1,0,1,1,False,False
702,35.0,26.2875,,0,0,1,1,False,True
703,18.0,14.4542,,0,1,3,0,False,False
704,25.0,7.7417,,0,0,3,0,True,False
705,26.0,7.8542,,1,0,3,0,False,True
706,39.0,26.0,,0,0,2,0,False,True
707,45.0,13.5,,0,0,2,1,False,True
708,42.0,26.2875,,0,0,1,1,False,True
709,22.0,151.55,,0,0,1,1,False,True
710,28.0,15.2458,,1,1,3,1,False,False
711,24.0,49.5042,,0,0,1,1,False,False
712,28.0,26.55,,0,0,1,0,False,True
713,48.0,52.0,,1,0,1,1,False,True
714,29.0,9.4833,,0,0,3,0,False,True
715,52.0,13.0,,0,0,2,0,False,True
716,19.0,7.65,,0,0,3,0,False,True
717,38.0,227.525,,0,0,1,1,False,False
718,27.0,10.5,,0,0,2,1,False,True
719,28.0,15.5,,0,0,3,0,True,False
720,33.0,7.775,,0,0,3,0,False,True
721,6.0,33.0,,0,1,2,1,False,True
722,17.0,7.0542,,1,0,3,0,False,True
723,34.0,13.0,,0,0,2,0,False,True
724,50.0,13.0,,0,0,2,0,False,True
725,27.0,53.1,,1,0,1,1,False,True
726,20.0,8.6625,,0,0,3,0,False,True
727,30.0,21.0,,3,0,2,1,False,True
728,28.0,7.7375,,0,0,3,1,True,False
729,25.0,26.0,,1,0,2,0,False,True
730,25.0,7.925,,1,0,3,0,False,True
731,29.0,211.3375,,0,0,1,1,False,True
732,11.0,18.7875,,0,0,3,0,False,False
733,28.0,0.0,,0,0,2,0,False,True
734,23.0,13.0,,0,0,2,0,False,True
735,23.0,13.0,,0,0,2,0,False,True
736,28.5,16.1,,0,0,3,0,False,True
737,48.0,34.375,,1,3,3,0,False,True
738,35.0,512.3292,,0,0,1,1,False,False
739,28.0,7.8958,,0,0,3,0,False,True
740,28.0,7.8958,,0,0,3,0,False,True
741,28.0,30.0,,0,0,1,1,False,True
742,36.0,78.85,,1,0,1,0,False,True
743,21.0,262.375,,2,2,1,1,False,False
744,24.0,16.1,,1,0,3,0,False,True
745,31.0,7.925,,0,0,3,1,False,True
746,70.0,71.0,,1,1,1,0,False,True
747,16.0,20.25,,1,1,3,0,False,True
748,30.0,13.0,,0,0,2,1,False,True
749,19.0,53.1,,1,0,1,0,False,True
750,31.0,7.75,,0,0,3,0,True,False
751,4.0,23.0,,1,1,2,1,False,True
752,6.0,12.475,,0,1,3,1,False,True
753,33.0,9.5,,0,0,3,0,False,True
754,23.0,7.8958,,0,0,3,0,False,True
755,48.0,65.0,,1,2,2,1,False,True
756,0.67,14.5,,1,1,2,1,False,True
757,28.0,7.7958,,0,0,3,0,False,True
758,18.0,11.5,,0,0,2,0,False,True
759,34.0,8.05,,0,0,3,0,False,True
760,33.0,86.5,,0,0,1,1,False,True
761,28.0,14.5,,0,0,3,0,False,True
762,41.0,7.125,,0,0,3,0,False,True
763,20.0,7.2292,,0,0,3,1,False,False
764,36.0,120.0,,1,2,1,1,False,True
765,16.0,7.775,,0,0,3,0,False,True
766,51.0,77.9583,,1,0,1,1,False,True
767,28.0,39.6,,0,0,1,0,False,False
768,30.5,7.75,,0,0,3,0,True,False
769,28.0,24.15,,1,0,3,0,True,False
770,32.0,8.3625,,0,0,3,0,False,True
771,24.0,9.5,,0,0,3,0,False,True
772,48.0,7.8542,,0,0,3,0,False,True
773,57.0,10.5,,0,0,2,0,False,True
774,28.0,7.225,,0,0,3,0,False,False
775,54.0,23.0,,1,3,2,1,False,True
776,18.0,7.75,,0,0,3,0,False,True
777,28.0,7.75,,0,0,3,0,True,False
778,5.0,12.475,,0,0,3,1,False,True
779,28.0,7.7375,,0,0,3,0,True,False
780,43.0,211.3375,,0,1,1,1,False,True
781,13.0,7.2292,,0,0,3,1,False,False
782,17.0,57.0,,1,0,1,1,False,True
783,29.0,30.0,,0,0,1,0,False,True
784,28.0,23.45,,1,2,3,0,False,True
785,25.0,7.05,,0,0,3,0,False,True
786,25.0,7.25,,0,0,3,0,False,True
787,18.0,7.4958,,0,0,3,1,False,True
788,8.0,29.125,,4,1,3,0,True,False
789,1.0,20.575,,1,2,3,1,False,True
790,46.0,79.2,,0,0,1,0,False,False
791,28.0,7.75,,0,0,3,0,True,False
792,16.0,26.0,,0,0,2,0,False,True
793,28.0,69.55,,8,2,3,0,False,True
794,28.0,30.6958,,0,0,1,0,False,False
795,25.0,7.8958,,0,0,3,0,False,True
796,39.0,13.0,,0,0,2,0,False,True
797,49.0,25.9292,,0,0,1,1,False,True
798,31.0,8.6833,,0,0,3,1,False,True
799,30.0,7.2292,,0,0,3,0,False,False
800,30.0,24.15,,1,1,3,0,False,True
801,34.0,13.0,,0,0,2,0,False,True
802,31.0,26.25,,1,1,2,1,False,True
803,11.0,120.0,,1,2,1,1,False,True
804,0.42,8.5167,,0,1,3,1,False,False
805,27.0,6.975,,0,0,3,1,False,True
806,31.0,7.775,,0,0,3,0,False,True
807,39.0,0.0,,0,0,1,0,False,True
808,18.0,7.775,,0,0,3,0,False,True
809,39.0,13.0,,0,0,2,0,False,True
810,33.0,53.1,,1,0,1,1,False,True
811,26.0,7.8875,,0,0,3,0,False,True
812,39.0,24.15,,0,0,3,0,False,True
813,35.0,10.5,,0,0,2,0,False,True
814,6.0,31.275,,4,2,3,0,False,True
815,30.5,8.05,,0,0,3,0,False,True
816,28.0,0.0,,0,0,1,0,False,True
817,23.0,7.925,,0,0,3,0,False,True
818,31.0,37.0042,,1,1,2,0,False,False
819,43.0,6.45,,0,0,3,0,False,True
820,10.0,27.9,,3,2,3,0,False,True
821,52.0,93.5,,1,1,1,1,False,True
822,27.0,8.6625,,0,0,3,1,False,True
823,38.0,0.0,,0,0,1,0,False,True
824,27.0,12.475,,0,1,3,1,False,True
825,2.0,39.6875,,4,1,3,0,False,True
826,28.0,6.95,,0,0,3,0,True,False
827,28.0,56.4958,,0,0,3,0,False,True
828,1.0,37.0042,,0,2,2,1,False,False
829,28.0,7.75,,0,0,3,1,True,False
830,62.0,80.0,,0,0,1,1,False,True
831,15.0,14.4542,,1,0,3,1,False,False
832,0.83,18.75,,1,1,2,1,False,True
833,28.0,7.2292,,0,0,3,0,False,False
834,23.0,7.8542,,0,0,3,0,False,True
835,18.0,8.3,,0,0,3,0,False,True
836,39.0,83.1583,,1,1,1,1,False,False
837,21.0,8.6625,,0,0,3,0,False,True
838,28.0,8.05,,0,0,3,0,False,True
839,32.0,56.4958,,0,0,3,1,False,True
840,28.0,29.7,,0,0,1,1,False,False
841,20.0,7.925,,0,0,3,0,False,True
842,16.0,10.5,,0,0,2,0,False,True
843,30.0,31.0,,0,0,1,1,False,False
844,34.5,6.4375,,0,0,3,0,False,False
845,17.0,8.6625,,0,0,3,0,False,True
846,42.0,7.55,,0,0,3,0,False,True
847,28.0,69.55,,8,2,3,0,False,True
848,35.0,7.8958,,0,0,3,0,False,False
849,28.0,33.0,,0,1,2,0,False,True
850,28.0,89.1042,,1,0,1,1,False,False
851,4.0,31.275,,4,2,3,0,False,True
852,74.0,7.775,,0,0,3,0,False,True
853,9.0,15.2458,,1,1,3,0,False,False
854,16.0,39.4,,0,1,1,1,False,True
855,44.0,26.0,,1,0,2,0,False,True
856,18.0,9.35,,0,1,3,1,False,True
857,45.0,164.8667,,1,1,1,1,False,True
858,51.0,26.55,,0,0,1,1,False,True
859,24.0,19.2583,,0,3,3,1,False,False
860,28.0,7.2292,,0,0,3,0,False,False
861,41.0,14.1083,,2,0,3,0,False,True
862,21.0,11.5,,1,0,2,0,False,True
863,48.0,25.9292,,0,0,1,1,False,True
864,28.0,69.55,,8,2,3,0,False,True
865,24.0,13.0,,0,0,2,0,False,True
866,42.0,13.0,,0,0,2,1,False,True
867,27.0,13.8583,,1,0,2,1,False,False
868,31.0,50.4958,,0,0,1,0,False,True
869,28.0,9.5,,0,0,3,0,False,True
870,4.0,11.1333,,1,1,3,1,False,True
871,26.0,7.8958,,0,0,3,0,False,True
872,47.0,52.5542,,1,1,1,1,False,True
873,33.0,5.0,,0,0,1,0,False,True
874,47.0,9.0,,0,0,3,0,False,True
875,28.0,24.0,,1,0,2,1,False,False
876,15.0,7.225,,0,0,3,1,False,False
877,20.0,9.8458,,0,0,3,0,False,True
878,19.0,7.8958,,0,0,3,0,False,True
879,28.0,7.8958,,0,0,3,0,False,True
880,56.0,83.1583,,0,1,1,1,False,False
881,25.0,26.0,,0,1,2,1,False,True
882,33.0,7.8958,,0,0,3,0,False,True
883,22.0,10.5167,,0,0,3,0,False,True
884,28.0,10.5,,0,0,2,0,False,True
885,25.0,7.05,,0,0,3,0,False,True
886,39.0,29.125,,0,5,3,0,True,False
887,27.0,13.0,,0,0,2,0,False,True
888,19.0,30.0,,0,0,1,1,False,True
889,28.0,23.45,,1,2,3,0,False,True
890,26.0,30.0,,0,0,1,1,False,False
891,32.0,7.75,,0,0,3,0,True,False
892,34.5,7.8292,,0,0,3,0,True,False
893,47.0,7.0,,1,0,3,0,False,True
894,62.0,9.6875,,0,0,2,0,True,False
895,27.0,8.6625,,0,0,3,0,False,True
896,22.0,12.2875,,1,1,3,0,False,True
897,14.0,9.225,,0,0,3,0,False,True
898,30.0,7.6292,,0,0,3,0,True,False
899,26.0,29.0,,1,1,2,0,False,True
900,18.0,7.2292,,0,0,3,0,False,False
901,21.0,24.15,,2,0,3,0,False,True
902,28.0,7.8958,,0,0,3,0,False,True
903,46.0,26.0,,0,0,1,0,False,True
904,23.0,82.2667,,1,0,1,0,False,True
905,63.0,26.0,,1,0,2,0,False,True
906,47.0,61.175,,1,0,1,0,False,True
907,24.0,27.7208,,1,0,2,0,False,False
908,35.0,12.35,,0,0,2,0,True,False
909,21.0,7.225,,0,0,3,0,False,False
910,27.0,7.925,,1,0,3,0,False,True
911,45.0,7.225,,0,0,3,0,False,False
912,55.0,59.4,,1,0,1,0,False,False
913,9.0,3.1708,,0,1,3,0,False,True
914,28.0,31.6833,,0,0,1,0,False,True
915,21.0,61.3792,,0,1,1,0,False,False
916,48.0,262.375,,1,3,1,0,False,False
917,50.0,14.5,,1,0,3,0,False,True
918,22.0,61.9792,,0,1,1,0,False,False
919,22.5,7.225,,0,0,3,0,False,False
920,41.0,30.5,,0,0,1,0,False,True
921,28.0,21.6792,,2,0,3,0,False,False
922,50.0,26.0,,1,0,2,0,False,True
923,24.0,31.5,,2,0,2,0,False,True
924,33.0,20.575,,1,2,3,0,False,True
925,28.0,23.45,,1,2,3,0,False,True
926,30.0,57.75,,1,0,1,0,False,False
927,18.5,7.2292,,0,0,3,0,False,False
928,28.0,8.05,,0,0,3,0,False,True
929,21.0,8.6625,,0,0,3,0,False,True
930,25.0,9.5,,0,0,3,0,False,True
931,28.0,56.4958,,0,0,3,0,False,True
932,39.0,13.4167,,0,1,3,0,False,False
933,28.0,26.55,,0,0,1,0,False,True
934,41.0,7.85,,0,0,3,0,False,True
935,30.0,13.0,,0,0,2,0,False,True
936,45.0,52.5542,,1,0,1,0,False,True
937,25.0,7.925,,0,0,3,0,False,True
938,45.0,29.7,,0,0,1,0,False,False
939,28.0,7.75,,0,0,3,0,True,False
940,60.0,76.2917,,0,0,1,0,False,False
941,36.0,15.9,,0,2,3,0,False,True
942,24.0,60.0,,1,0,1,0,False,True
943,27.0,15.0333,,0,0,2,0,False,False
944,20.0,23.0,,2,1,2,0,False,True
945,28.0,263.0,,3,2,1,0,False,True
946,28.0,15.5792,,0,0,2,0,False,False
947,10.0,29.125,,4,1,3,0,True,False
948,35.0,7.8958,,0,0,3,0,False,True
949,25.0,7.65,,0,0,3,0,False,True
950,28.0,16.1,,1,0,3,0,False,True
951,36.0,262.375,,0,0,1,0,False,False
952,17.0,7.8958,,0,0,3,0,False,True
953,32.0,13.5,,0,0,2,0,False,True
954,18.0,7.75,,0,0,3,0,False,True
955,22.0,7.725,,0,0,3,0,True,False
956,13.0,262.375,,2,2,1,0,False,False
957,28.0,21.0,,0,0,2,0,False,True
958,18.0,7.8792,,0,0,3,0,True,False
959,47.0,42.4,,0,0,1,0,False,True
960,31.0,28.5375,,0,0,1,0,False,False
961,60.0,263.0,,1,4,1,0,False,True
962,24.0,7.75,,0,0,3,0,True,False
963,21.0,7.8958,,0,0,3,0,False,True
964,29.0,7.925,,0,0,3,0,False,True
965,28.5,27.7208,,0,0,1,0,False,False
966,35.0,211.5,,0,0,1,0,False,False
967,32.5,211.5,,0,0,1,0,False,False
968,28.0,8.05,,0,0,3,0,False,True
969,55.0,25.7,,2,0,1,0,False,True
970,30.0,13.0,,0,0,2,0,False,True
971,24.0,7.75,,0,0,3,0,True,False
972,6.0,15.2458,,1,1,3,0,False,False
973,67.0,221.7792,,1,0,1,0,False,True
974,49.0,26.0,,0,0,1,0,False,True
975,28.0,7.8958,,0,0,3,0,False,True
976,28.0,10.7083,,0,0,2,0,True,False
977,28.0,14.4542,,1,0,3,0,False,False
978,27.0,7.8792,,0,0,3,0,True,False
979,18.0,8.05,,0,0,3,0,False,True
980,28.0,7.75,,0,0,3,0,True,False
981,2.0,23.0,,1,1,2,0,False,True
982,22.0,13.9,,1,0,3,0,False,True
983,28.0,7.775,,0,0,3,0,False,True
984,27.0,52.0,,1,2,1,0,False,True
985,28.0,8.05,,0,0,3,0,False,True
986,25.0,26.0,,0,0,1,0,False,False
987,25.0,7.7958,,0,0,3,0,False,True
988,76.0,78.85,,1,0,1,0,False,True
989,29.0,7.925,,0,0,3,0,False,True
990,20.0,7.8542,,0,0,3,0,False,True
991,33.0,8.05,,0,0,3,0,False,True
992,43.0,55.4417,,1,0,1,0,False,False
993,27.0,26.0,,1,0,2,0,False,True
994,28.0,7.75,,0,0,3,0,True,False
995,26.0,7.775,,0,0,3,0,False,True
996,16.0,8.5167,,1,1,3,0,False,False
997,28.0,22.525,,0,0,3,0,False,True
998,21.0,7.8208,,0,0,3,0,True,False
999,28.0,7.75,,0,0,3,0,True,False
1000,28.0,8.7125,,0,0,3,0,False,True
1001,18.5,13.0,,0,0,2,0,False,True
1002,41.0,15.0458,,0,0,2,0,False,False
1003,28.0,7.7792,,0,0,3,0,True,False
1004,36.0,31.6792,,0,0,1,0,False,False
1005,18.5,7.2833,,0,0,3,0,True,False
1006,63.0,221.7792,,1,0,1,0,False,True
1007,18.0,14.4542,,1,0,3,0,False,False
1008,28.0,6.4375,,0,0,3,0,False,False
1009,1.0,16.7,,1,1,3,0,False,True
1010,36.0,75.2417,,0,0,1,0,False,False
1011,29.0,26.0,,1,0,2,0,False,True
1012,12.0,15.75,,0,0,2,0,False,True
1013,28.0,7.75,,1,0,3,0,True,False
1014,35.0,57.75,,1,0,1,0,False,False
1015,28.0,7.25,,0,0,3,0,False,True
1016,28.0,7.75,,0,0,3,0,True,False
1017,17.0,16.1,,0,1,3,0,False,True
1018,22.0,7.7958,,0,0,3,0,False,True
1019,28.0,23.25,,2,0,3,0,True,False
1020,42.0,13.0,,0,0,2,0,False,True
1021,24.0,8.05,,0,0,3,0,False,True
1022,32.0,8.05,,0,0,3,0,False,True
1023,53.0,28.5,,0,0,1,0,False,False
1024,28.0,25.4667,,0,4,3,0,False,True
1025,28.0,6.4375,,1,0,3,0,False,False
1026,43.0,7.8958,,0,0,3,0,False,True
1027,24.0,7.8542,,0,0,3,0,False,True
1028,26.5,7.225,,0,0,3,0,False,False
1029,26.0,13.0,,0,0,2,0,False,True
1030,23.0,8.05,,0,0,3,0,False,True
1031,40.0,46.9,,1,6,3,0,False,True
1032,10.0,46.9,,5,2,3,0,False,True
1033,33.0,151.55,,0,0,1,0,False,True
1034,61.0,262.375,,1,3,1,0,False,False
1035,28.0,26.0,,0,0,2,0,False,True
1036,42.0,26.55,,0,0,1,0,False,True
1037,31.0,18.0,,3,0,3,0,False,True
1038,28.0,51.8625,,0,0,1,0,False,True
1039,22.0,8.05,,0,0,3,0,False,True
1040,28.0,26.55,,0,0,1,0,False,True
1041,30.0,26.0,,1,1,2,0,False,True
1042,23.0,83.1583,,0,1,1,0,False,False
1043,28.0,7.8958,,0,0,3,0,False,False
1044,60.5,14.4542,,0,0,3,0,False,True
1045,36.0,12.1833,,0,2,3,0,False,True
1046,13.0,31.3875,,4,2,3,0,False,True
1047,24.0,7.55,,0,0,3,0,False,True
1048,29.0,221.7792,,0,0,1,0,False,True
1049,23.0,7.8542,,0,0,3,0,False,True
1050,42.0,26.55,,0,0,1,0,False,True
1051,26.0,13.775,,0,2,3,0,False,True
1052,28.0,7.7333,,0,0,3,0,True,False
1053,7.0,15.2458,,1,1,3,0,False,False
1054,26.0,13.5,,0,0,2,0,False,True
1055,28.0,7.0,,0,0,3,0,False,True
1056,41.0,13.0,,0,0,2,0,False,True
1057,26.0,22.025,,1,1,3,0,False,True
1058,48.0,50.4958,,0,0,1,0,False,False
1059,18.0,34.375,,2,2,3,0,False,True
1060,28.0,27.7208,,0,0,1,0,False,False
1061,22.0,8.9625,,0,0,3,0,False,True
1062,28.0,7.55,,0,0,3,0,False,True
1063,27.0,7.225,,0,0,3,0,False,False
1064,23.0,13.9,,1,0,3,0,False,True
1065,28.0,7.2292,,0,0,3,0,False,False
1066,40.0,31.3875,,1,5,3,0,False,True
1067,15.0,39.0,,0,2,2,0,False,True
1068,20.0,36.75,,0,0,2,0,False,True
1069,54.0,55.4417,,1,0,1,0,False,False
1070,36.0,39.0,,0,3,2,0,False,True
1071,64.0,83.1583,,0,2,1,0,False,False
1072,30.0,13.0,,0,0,2,0,False,True
1073,37.0,83.1583,,1,1,1,0,False,False
1074,18.0,53.1,,1,0,1,0,False,True
1075,28.0,7.75,,0,0,3,0,True,False
1076,27.0,247.5208,,1,1,1,0,False,False
1077,40.0,16.0,,0,0,2,0,False,True
1078,21.0,21.0,,0,1,2,0,False,True
1079,17.0,8.05,,2,0,3,0,False,True
1080,28.0,69.55,,8,2,3,0,False,True
1081,40.0,13.0,,0,0,2,0,False,True
1082,34.0,26.0,,1,0,2,0,False,True
1083,28.0,26.0,,0,0,1,0,False,True
1084,11.5,14.5,,1,1,3,0,False,True
1085,61.0,12.35,,0,0,2,0,True,False
1086,8.0,32.5,,0,2,2,0,False,True
1087,33.0,7.8542,,0,0,3,0,False,True
1088,6.0,134.5,,0,2,1,0,False,False
1089,18.0,7.775,,0,0,3,0,False,True
1090,23.0,10.5,,0,0,2,0,False,True
1091,28.0,8.1125,,0,0,3,0,False,True
1092,28.0,15.5,,0,0,3,0,True,False
1093,0.33,14.4,,0,2,3,0,False,True
1094,47.0,227.525,,1,0,1,0,False,False
1095,8.0,26.0,,1,1,2,0,False,True
1096,25.0,10.5,,0,0,2,0,False,True
1097,28.0,25.7417,,0,0,1,0,False,False
1098,35.0,7.75,,0,0,3,0,True,False
1099,24.0,10.5,,0,0,2,0,False,True
1100,33.0,27.7208,,0,0,1,0,False,False
1101,25.0,7.8958,,0,0,3,0,False,True
1102,32.0,22.525,,0,0,3,0,False,True
1103,28.0,7.05,,0,0,3,0,False,True
1104,17.0,73.5,,0,0,2,0,False,True
1105,60.0,26.0,,1,0,2,0,False,True
1106,38.0,7.775,,4,2,3,0,False,True
1107,42.0,42.5,,0,0,1,0,False,True
1108,28.0,7.8792,,0,0,3,0,True,False
1109,57.0,164.8667,,1,1,1,0,False,True
1110,50.0,211.5,,1,1,1,0,False,False
1111,28.0,8.05,,0,0,3,0,False,True
1112,30.0,13.8583,,1,0,2,0,False,False
1113,21.0,8.05,,0,0,3,0,False,True
1114,22.0,10.5,,0,0,2,0,False,True
1115,21.0,7.7958,,0,0,3,0,False,True
1116,53.0,27.4458,,0,0,1,0,False,False
1117,28.0,15.2458,,0,2,3,0,False,False
1118,23.0,7.7958,,0,0,3,0,False,True
1119,28.0,7.75,,0,0,3,0,True,False
1120,40.5,15.1,,0,0,3,0,False,True
1121,36.0,13.0,,0,0,2,0,False,True
1122,14.0,65.0,,0,0,2,0,False,True
1123,21.0,26.55,,0,0,1,0,False,True
1124,21.0,6.4958,,1,0,3,0,False,True
1125,28.0,7.8792,,0,0,3,0,True,False
1126,39.0,71.2833,,1,0,1,0,False,False
1127,20.0,7.8542,,0,0,3,0,False,True
1128,64.0,75.25,,1,0,1,0,False,False
1129,20.0,7.225,,0,0,3,0,False,False
1130,18.0,13.0,,1,1,2,0,False,True
1131,48.0,106.425,,1,0,1,0,False,False
1132,55.0,27.7208,,0,0,1,0,False,False
1133,45.0,30.0,,0,2,2,0,False,True
1134,45.0,134.5,,1,1,1,0,False,False
1135,28.0,7.8875,,0,0,3,0,False,True
1136,28.0,23.45,,1,2,3,0,False,True
1137,41.0,51.8625,,1,0,1,0,False,True
1138,22.0,21.0,,0,0,2,0,False,True
1139,42.0,32.5,,1,1,2,0,False,True
1140,29.0,26.0,,1,0,2,0,False,True
1141,28.0,14.4542,,1,0,3,0,False,False
1142,0.92,27.75,,1,2,2,0,False,True
1143,20.0,7.925,,0,0,3,0,False,True
1144,27.0,136.7792,,1,0,1,0,False,False
1145,24.0,9.325,,0,0,3,0,False,True
1146,32.5,9.5,,0,0,3,0,False,True
1147,28.0,7.55,,0,0,3,0,False,True
1148,28.0,7.75,,0,0,3,0,True,False
1149,28.0,8.05,,0,0,3,0,False,True
1150,19.0,13.0,,0,0,2,0,False,True
1151,21.0,7.775,,0,0,3,0,False,True
1152,36.5,17.4,,1,0,3,0,False,True
1153,21.0,7.8542,,0,0,3,0,False,True
1154,29.0,23.0,,0,2,2,0,False,True
1155,1.0,12.1833,,1,1,3,0,False,True
1156,30.0,12.7375,,0,0,2,0,False,False
1157,28.0,7.8958,,0,0,3,0,False,True
1158,28.0,0.0,,0,0,1,0,False,True
1159,28.0,7.55,,0,0,3,0,False,True
1160,28.0,8.05,,0,0,3,0,False,True
1161,17.0,8.6625,,0,0,3,0,False,True
1162,46.0,75.2417,,0,0,1,0,False,False
1163,28.0,7.75,,0,0,3,0,True,False
1164,26.0,136.7792,,1,0,1,0,False,False
1165,28.0,15.5,,1,0,3,0,True,False
1166,28.0,7.225,,0,0,3,0,False,False
1167,20.0,26.0,,1,0,2,0,False,True
1168,28.0,10.5,,0,0,2,0,False,True
1169,40.0,26.0,,1,0,2,0,False,True
1170,30.0,21.0,,1,0,2,0,False,True
1171,22.0,10.5,,0,0,2,0,False,True
1172,23.0,8.6625,,0,0,3,0,False,True
1173,0.75,13.775,,1,1,3,0,False,True
1174,28.0,7.75,,0,0,3,0,True,False
1175,9.0,15.2458,,1,1,3,0,False,False
1176,2.0,20.2125,,1,1,3,0,False,True
1177,36.0,7.25,,0,0,3,0,False,True
1178,28.0,7.25,,0,0,3,0,False,True
1179,24.0,82.2667,,1,0,1,0,False,True
1180,28.0,7.2292,,0,0,3,0,False,False
1181,28.0,8.05,,0,0,3,0,False,True
1182,28.0,39.6,,0,0,1,0,False,True
1183,30.0,6.95,,0,0,3,0,True,False
1184,28.0,7.2292,,0,0,3,0,False,False
1185,53.0,81.8583,,1,1,1,0,False,True
1186,36.0,9.5,,0,0,3,0,False,True
1187,26.0,7.8958,,0,0,3,0,False,True
1188,1.0,41.5792,,1,2,2,0,False,False
1189,28.0,21.6792,,2,0,3,0,False,False
1190,30.0,45.5,,0,0,1,0,False,True
1191,29.0,7.8542,,0,0,3,0,False,True
1192,32.0,7.775,,0,0,3,0,False,True
1193,28.0,15.0458,,0,0,2,0,False,False
1194,43.0,21.0,,0,1,2,0,False,True
1195,24.0,8.6625,,0,0,3,0,False,True
1196,28.0,7.75,,0,0,3,0,True,False
1197,64.0,26.55,,1,1,1,0,False,True
1198,30.0,151.55,,1,2,1,0,False,True
1199,0.83,9.35,,0,1,3,0,False,True
1200,55.0,93.5,,1,1,1,0,False,True
1201,45.0,14.1083,,1,0,3,0,False,True
1202,18.0,8.6625,,0,0,3,0,False,True
1203,22.0,7.225,,0,0,3,0,False,False
1204,28.0,7.575,,0,0,3,0,False,True
1205,37.0,7.75,,0,0,3,0,True,False
1206,55.0,135.6333,,0,0,1,0,False,False
1207,17.0,7.7333,,0,0,3,0,True,False
1208,57.0,146.5208,,1,0,1,0,False,False
1209,19.0,10.5,,0,0,2,0,False,True
1210,27.0,7.8542,,0,0,3,0,False,True
1211,22.0,31.5,,2,0,2,0,False,True
1212,26.0,7.775,,0,0,3,0,False,True
1213,25.0,7.2292,,0,0,3,0,False,False
1214,26.0,13.0,,0,0,2,0,False,True
1215,33.0,26.55,,0,0,1,0,False,True
1216,39.0,211.3375,,0,0,1,0,False,True
1217,23.0,7.05,,0,0,3,0,False,True
1218,12.0,39.0,,2,1,2,0,False,True
1219,46.0,79.2,,0,0,1,0,False,False
1220,29.0,26.0,,1,0,2,0,False,True
1221,21.0,13.0,,0,0,2,0,False,True
1222,48.0,36.75,,0,2,2,0,False,True
1223,39.0,29.7,,0,0,1,0,False,False
1224,28.0,7.225,,0,0,3,0,False,False
1225,19.0,15.7417,,1,1,3,0,False,False
1226,27.0,7.8958,,0,0,3,0,False,True
1227,30.0,26.0,,0,0,1,0,False,True
1228,32.0,13.0,,0,0,2,0,False,True
1229,39.0,7.2292,,0,2,3,0,False,False
1230,25.0,31.5,,0,0,2,0,False,True
1231,28.0,7.2292,,0,0,3,0,False,False
1232,18.0,10.5,,0,0,2,0,False,True
1233,32.0,7.5792,,0,0,3,0,False,True
1234,28.0,69.55,,1,9,3,0,False,True
1235,58.0,512.3292,,0,1,1,0,False,False
1236,28.0,14.5,,1,1,3,0,False,True
1237,16.0,7.65,,0,0,3,0,False,True
1238,26.0,13.0,,0,0,2,0,False,True
1239,38.0,7.2292,,0,0,3,0,False,False
1240,24.0,13.5,,0,0,2,0,False,True
1241,31.0,21.0,,0,0,2,0,False,True
1242,45.0,63.3583,,0,1,1,0,False,False
1243,25.0,10.5,,0,0,2,0,False,True
1244,18.0,73.5,,0,0,2,0,False,True
1245,49.0,65.0,,1,2,2,0,False,True
1246,0.17,20.575,,1,2,3,0,False,True
1247,50.0,26.0,,0,0,1,0,False,True
1248,59.0,51.4792,,2,0,1,0,False,True
1249,28.0,7.8792,,0,0,3,0,False,True
1250,28.0,7.75,,0,0,3,0,True,False
1251,30.0,15.55,,1,0,3,0,False,True
1252,14.5,69.55,,8,2,3,0,False,True
1253,24.0,37.0042,,1,1,2,0,False,False
1254,31.0,21.0,,0,0,2,0,False,True
1255,27.0,8.6625,,0,0,3,0,False,True
1256,25.0,55.4417,,1,0,1,0,False,False
1257,28.0,69.55,,1,9,3,0,False,True
1258,28.0,14.4583,,1,0,3,0,False,False
1259,22.0,39.6875,,0,0,3,0,False,True
1260,45.0,59.4,,0,1,1,0,False,False
1261,29.0,13.8583,,0,0,2,0,False,False
1262,21.0,11.5,,1,0,2,0,False,True
1263,31.0,134.5,,0,0,1,0,False,False
1264,49.0,0.0,,0,0,1,0,False,True
1265,44.0,13.0,,0,0,2,0,False,True
1266,54.0,81.8583,,1,1,1,0,False,True
1267,45.0,262.375,,0,0,1,0,False,False
1268,22.0,8.6625,,2,0,3,0,False,True
1269,21.0,11.5,,0,0,2,0,False,True
1270,55.0,50.0,,0,0,1,0,False,True
1271,5.0,31.3875,,4,2,3,0,False,True
1272,28.0,7.75,,0,0,3,0,True,False
1273,26.0,7.8792,,0,0,3,0,True,False
1274,28.0,14.5,,0,0,3,0,False,True
1275,19.0,16.1,,1,0,3,0,False,True
1276,28.0,12.875,,0,0,2,0,False,True
1277,24.0,65.0,,1,2,2,0,False,True
1278,24.0,7.775,,0,0,3,0,False,True
1279,57.0,13.0,,0,0,2,0,False,True
1280,21.0,7.75,,0,0,3,0,True,False
1281,6.0,21.075,,3,1,3,0,False,True
1282,23.0,93.5,,0,0,1,0,False,True
1283,51.0,39.4,,0,1,1,0,False,True
1284,13.0,20.25,,0,2,3,0,False,True
1285,47.0,10.5,,0,0,2,0,False,True
1286,29.0,22.025,,3,1,3,0,False,True
1287,18.0,60.0,,1,0,1,0,False,True
1288,24.0,7.25,,0,0,3,0,True,False
1289,48.0,79.2,,1,1,1,0,False,False
1290,22.0,7.775,,0,0,3,0,False,True
1291,31.0,7.7333,,0,0,3,0,True,False
1292,30.0,164.8667,,0,0,1,0,False,True
1293,38.0,21.0,,1,0,2,0,False,True
1294,22.0,59.4,,0,1,1,0,False,False
1295,17.0,47.1,,0,0,1,0,False,True
1296,43.0,27.7208,,1,0,1,0,False,False
1297,20.0,13.8625,,0,0,2,0,False,False
1298,23.0,10.5,,1,0,2,0,False,True
1299,50.0,211.5,,1,1,1,0,False,False
1300,28.0,7.7208,,0,0,3,0,True,False
1301,3.0,13.775,,1,1,3,0,False,True
1302,28.0,7.75,,0,0,3,0,True,False
1303,37.0,90.0,,1,0,1,0,True,False
1304,28.0,7.775,,0,0,3,0,False,True
1305,28.0,8.05,,0,0,3,0,False,True
1306,39.0,108.9,,0,0,1,0,False,False
1307,38.5,7.25,,0,0,3,0,False,True
1308,28.0,8.05,,0,0,3,0,False,True
1309,28.0,22.3583,,1,1,3,0,False,False
